word,frequency
mujer,787
género,465
ingeniería,318
investigación,305
estudiante,277
poder,266
stem,234
hombre,196
estudio,187
educación,171
carrera,170
académico,162
programa,161
participación,150
área,150
proceso,143
información,140
aprendizaje,138
él,134
social,129
año,126
proyecto,122
actividad,122
profesional,120
formación,117
acción,113
institución,111
superior,111
facultad,109
universidad,109
permitir,108
trabajo,107
dato,107
igualdad,106
análisis,105
brecha,105
nivel,98
ciencia,97
presentar,91
resultado,91
tema,91
encontrar,89
docente,89
modelo,89
desarrollo,86
experiencia,86
persona,86
femenino,83
diferente,82
enfoque,82
relacionado,82
interés,81
conocimiento,81
grupo,79
sistema,79
laboral,77
tecnología,77
educativo,76
estrategia,75
promover,75
deber,74
mostrar,73
caso,72
alguno,72
situación,71
ámbito,70
significativo,70
política,70
trabajar,67
identificar,66
número,66
desarrollar,66
factor,66
liderazgo,66
general,64
público,64
diferencia,64
país,63
impacto,62
universitario,62
oportunidad,61
incluir,61
problema,60
participar,58
población,58
personal,58
vida,57
seguir,57
lograr,57
acceso,57
comunidad,56
publicación,55
sociedad,55
analizar,54
científico,54
taller,54
investigadora,53
equidad,53
generar,53
diverso,53
destacar,52
producción,52
organización,52
necesidad,52
relación,51
calidad,50
disciplina,50
desafío,49
sueño,49
instrumento,48
cambio,48
importante,48
último,47
importancia,47
estilo,47
promedio,47
relevante,46
representación,45
utilizar,45
evaluación,45
tiempo,45
percepción,45
niña,45
específico,44
ods,44
gestión,44
espacio,44
joven,44
práctica,44
institucional,43
cargo,43
tecnológico,43
decisión,43
aspecto,43
iniciativa,43
habilidad,43
fundamental,42
indicador,42
profesor,42
construcción,42
metodología,42
mundo,42
contar,41
estudiar,41
rol,41
propio,41
masculino,41
buscar,41
existir,41
establecer,41
diversidad,41
término,41
distinto,40
investigador,40
estereotipo,40
herramienta,40
económico,40
pregunta,39
apoyo,39
enseñanza,39
temática,38
colombia,38
red,38
porcentaje,38
evidenciar,38
perspectiva,38
inclusión,38
contribuir,38
encuesta,37
principal,37
sexo,37
fomentar,37
artículo,37
cátedra,36
línea,36
integrante,36
participante,36
tendencia,36
varios,36
proporción,36
recurso,36
aumentar,36
deserción,36
curso,36
condición,36
matildo,35
futuro,35
respuesta,35
sesgo,35
falta,35
desigualdad,35
positivo,35
ofrecer,35
actor,35
conjunto,34
posible,34
enfrentar,34
avance,34
sostenible,34
llevar,34
periodo,34
fase,33
obtener,33
valor,33
sector,32
ejemplo,32
evaluar,32
discriminación,32
resaltar,32
ingeniera,31
promoción,31
entorno,31
mejorar,31
básico,31
activo,31
propuesta,31
responder,30
representar,30
presencia,30
nuevo,30
puesto,30
barrera,30
manifestar,30
violencia,30
requerir,29
producto,29
mayoría,29
comentario,29
alcanzar,29
distancia,29
ejercicio,28
definir,28
capacidad,28
motivación,28
crear,28
cuantitativo,28
esfuerzo,28
industrial,28
comprender,28
escuela,28
semillero,28
comité,27
abierto,27
temático,27
libro,27
competencia,27
aplicación,27
influir,27
ayudar,27
lugar,27
definición,27
evento,27
empresa,27
técnico,27
steam,27
técnica,27
aplicar,26
percibir,26
ambiente,26
edad,26
etapa,26
derecho,26
característica,26
estadístico,25
aún,25
privado,25
administrativo,25
generación,25
colegio,25
presente,24
ver,24
desempeño,24
internacional,24
bien,24
afectar,24
sugerir,24
aprender,24
reflejar,24
colaboración,24
cultural,24
profesión,24
autor,24
ley,24
derechos,24
humanos,24
chile,23
grado,23
múltiple,23
logro,23
proponer,23
distribución,23
honduras,23
familia,23
compromiso,23
continuación,23
equitativo,23
presencial,23
revelar,22
corresponder,22
propósito,22
dimensión,22
éxito,22
directivo,22
conocer,22
punto,22
global,22
mencionar,22
dificultad,22
diseño,22
innovación,22
estudiant,22
implementar,22
idea,22
miembro,22
facilitar,22
comprensión,22
reconocer,22
materia,22
cantidad,22
asociado,22
surgir,21
argentina,21
entrevista,21
existencia,21
frente,21
humano,21
superar,21
recibir,21
proporcionar,21
nacional,21
mentoría,21
similar,21
atención,21
variable,21
método,21
problemático,21
perfil,20
reducir,20
notable,20
inteligencia,20
cuenta,20
cualitativo,20
américa,20
familiar,20
disparidad,20
dirección,20
diagnóstico,20
basado,20
visita,20
modalidad,20
teoría,20
problemática,19
autopresentación,19
compartir,19
inscripción,19
día,19
papel,19
señalar,19
centrar,19
servicio,19
latino,19
gobierno,19
líder,19
cultura,19
propuesto,19
limitación,19
inclusivo,19
reflexión,19
matemático,19
demostrar,19
comunicación,19
llegar,19
secundario,19
realidad,19
capacitación,19
revista,19
particular,18
categoría,18
desempeñar,18
función,18
relacionar,18
fenómeno,18
referencia,18
individual,18
academia,18
efectivo,18
construir,18
retención,18
implementación,18
enfocar,18
pregrado,18
matriculado,18
equipo,18
contribución,18
crecimiento,18
publicar,18
material,18
salud,18
emprendimiento,18
analizado,18
ingreso,18
real,18
wie,18
expresar,17
aportar,17
organizar,17
transformación,17
referente,17
físico,17
evidencia,17
actual,17
brindar,17
conclusión,17
comparación,17
revisión,17
serie,17
documento,17
político,17
continuar,17
pertenecer,17
esencial,17
elección,17
entender,17
obstante,17
ambiental,17
comportamiento,17
contenido,17
solución,17
sostenibilidad,17
describir,16
región,16
recolección,16
efecto,16
registrar,16
visibilizar,16
formar,16
graduación,16
creación,16
reconocimiento,16
aporte,16
vocación,16
avanzar,16
industria,16
interacción,16
plan,16
enfocado,16
matrícula,16
clasificación,16
pedagógico,16
quinua,16
resultar,15
electrónico,15
después,15
causa,15
complejo,15
clave,15
cuestionario,15
camino,15
reportar,15
experimentar,15
tecnologío,15
limitar,15
amplio,15
hora,15
garantizar,15
potencial,15
valioso,15
crucial,15
estudiantil,15
aula,15
clase,15
rendimiento,15
discurso,15
cita,15
plantear,14
empresarial,14
comenzar,14
investigar,14
autora,14
expresión,14
búsqueda,14
especial,14
formativo,14
común,14
cifra,14
inspirar,14
diseñar,14
identificación,14
relativo,14
semestre,14
pandemia,14
covid,14
pensamiento,14
incorporación,14
emplear,14
crítico,14
empleo,14
curricular,14
período,13
origen,13
profesora,13
sumar,13
titulación,13
trayectoria,13
doctorado,13
participant,13
vinculado,13
centro,13
vivir,13
estructura,13
graduado,13
iniciar,13
aumento,13
usar,13
subrayar,13
incentivar,13
planificación,13
autoría,13
explorar,13
charla,13
software,13
máximo,13
creer,13
ciudad,13
productivo,13
unidad,13
visión,13
vivienda,13
alumno,13
impulsar,13
utp,13
latinoamericano,12
metodológico,12
convocatoria,12
gráfico,12
constituir,12
descriptivo,12
directo,12
dedicación,12
implicar,12
artificial,12
orientado,12
teórico,12
revisar,12
opción,12
recopilar,12
acoso,12
posición,12
evitar,12
esperar,12
adaptar,12
involucrar,12
unesco,12
admisión,12
mundial,12
decidir,12
civil,12
diferencial,12
eje,12
motivar,12
realización,12
historia,12
impactar,12
posibilidad,12
fuente,12
alianza,12
orientar,12
escala,12
puntaje,12
práctico,12
seguro,12
responsabilidad,12
tradicional,12
lineamiento,12
monitora,12
dinámica,12
allá,12
ssm,12
progreso,12
garota,12
manifiesto,11
julio,11
junto,11
totalidad,11
basar,11
empoderamiento,11
postgrado,11
valoración,11
seguido,11
criterio,11
contacto,11
visibilidad,11
estratégico,11
instancia,11
matilda,11
fácil,11
desarrollado,11
intención,11
preparación,11
cumplir,11
bienestar,11
organizacional,11
horario,11
colectivo,11
conceptual,11
agenda,11
mes,11
código,11
socioeconómico,11
inferior,11
empleado,11
porcentual,11
cambiar,11
meta,11
orientación,11
profundo,11
simposio,11
conciencia,11
ampliar,11
clasificar,11
vinculación,11
vincular,11
ninguno,11
asignatura,11
estadística,11
cierto,11
adecuado,11
discusión,11
elaboración,11
hogar,11
emprender,11
componente,11
escolar,11
tasa,11
concreto,11
referir,11
liderar,11
informe,11
literatura,11
publicado,11
hondureño,11
conformar,10
méxico,10
mantener,10
aplicado,10
elegir,10
eléctrico,10
modo,10
mejora,10
dedicar,10
incorporar,10
decano,10
sexual,10
afirmar,10
previo,10
ocupar,10
caja,10
inglés,10
existente,10
cursar,10
indagar,10
dividir,10
colombiano,10
prioridad,10
depender,10
identificado,10
cualquiera,10
disminuir,10
razón,10
influencia,10
seguimiento,10
conferencia,10
apoyar,10
elemento,10
vocacional,10
confianza,10
estudiantado,10
beca,10
computación,10
calificación,10
comparar,10
emocional,10
hallazgo,10
integral,10
tratar,10
obtenido,10
seguridad,10
niño,10
escenario,10
natural,10
tarea,10
control,10
ventaja,10
consolidar,10
congreso,10
utpl,10
ecosistema,10
departamento,10
andes,10
índice,10
interseccionalidad,10
ecci,10
libertad,10
experto,10
extracto,10
grano,10
alcance,9
abarcar,9
integrar,9
ecuador,9
informar,9
informado,9
significar,9
hablar,9
maestría,9
graduada,9
motivo,9
reto,9
local,9
soler,9
distribuir,9
inicial,9
sección,9
colega,9
negativo,9
autoevaluación,9
fortalecer,9
disponibilidad,9
desigual,9
variar,9
ciclo,9
claro,9
segregación,9
horizontal,9
involucrado,9
recopilado,9
semana,9
adicional,9
histórico,9
empoderar,9
interno,9
digital,9
varón,9
destacado,9
posgrado,9
valorar,9
establecido,9
constante,9
rango,9
prueba,9
carga,9
patrón,9
observación,9
resto,9
desear,9
preferencia,9
presentación,9
agua,9
principio,9
pleno,9
elaborar,9
desecho,9
interactuar,9
década,9
individuo,9
adquirir,9
pensar,9
marcado,9
examinar,9
ies,9
selección,9
egresado,9
protección,9
comercialización,9
productor,9
caribe,8
antecedente,8
formulario,8
excel,8
compartido,8
campaña,8
entrevistado,8
enriquecer,8
contrario,8
fundación,8
frecuencia,8
clima,8
energía,8
generado,8
notar,8
relevancia,8
investigativo,8
profundidad,8
conocido,8
variedad,8
traducir,8
nombre,8
costa,8
unidos,8
demanda,8
permanencia,8
atracción,8
saga,8
ingresar,8
incidencia,8
planta,8
plataforma,8
labor,8
separado,8
web,8
profesorado,8
exitoso,8
concluir,8
cooperación,8
compuesto,8
podcasts,8
brasil,8
sólido,8
dejar,8
dirigido,8
asistencia,8
externo,8
cuestión,8
grande,8
pues,8
primario,8
financiamiento,8
incrementar,8
cuidado,8
mensaje,8
obligatorio,8
menudo,8
extremo,8
interesante,8
cerrar,8
intervención,8
permanecer,8
incremento,8
quehacer,8
proyección,8
mercado,8
beneficio,8
justicia,8
ético,8
medir,8
vista,8
diario,8
pasar,8
utilizado,8
felder,8
libre,8
ejecución,8
compañero,8
ir,8
afín,8
núcleo,8
scopus,8
médico,8
unidas,8
epistemológico,8
instituto,8
egresada,8
inv,8
unab,8
cundinamarca,8
constar,7
bolivia,7
sigla,7
registro,7
inicio,7
transformar,7
director,7
docencia,7
ejercer,7
único,7
obstáculo,7
caracterizar,7
voz,7
reciente,7
asumir,7
caber,7
apreciar,7
sensibilización,7
transversal,7
recolectar,7
invitar,7
financiero,7
tender,7
conciliación,7
ingeniero,7
definido,7
sesión,7
completo,7
disponible,7
consulta,7
recuadro,7
inscrito,7
estándar,7
correspondiente,7
leve,7
autoconfianza,7
recomendación,7
asegurar,7
comités,7
difusión,7
explicar,7
duda,7
buen,7
puntuación,7
emoción,7
asignar,7
alegría,7
descripción,7
denominar,7
expresividad,7
creatividad,7
proceder,7
difícil,7
creencia,7
servir,7
énfasis,7
habitar,7
visualizar,7
pertinente,7
mencionado,7
integrado,7
químico,7
fortalecimiento,7
producir,7
actualidad,7
programación,7
entidad,7
parámetro,7
and,7
aprendiz,7
adquisición,7
aparecer,7
procesar,7
visual,7
silvermar,7
actuar,7
meninas,7
acelerar,7
intercambio,7
estatal,7
matrículo,7
fwci,7
precisión,7
naciones,7
incidir,7
naturaleza,7
fundamentar,7
persistir,7
sujeto,7
enunciado,7
informant,7
quinuar,7
demandar,6
pertenencia,6
recogido,6
procedimiento,6
seleccionado,6
recoger,6
complementario,6
extraer,6
ocupación,6
dificultar,6
agrupar,6
secuencia,6
continuo,6
aquí,6
acorde,6
conducir,6
hacer,6
aquel,6
demográfico,6
biológico,6
evidente,6
temprano,6
acceder,6
afectado,6
tomador,6
desequilibrio,6
relevamiento,6
acompañamiento,6
matriz,6
detallado,6
interesado,6
roles,6
empezar,6
colaborativo,6
interior,6
reducción,6
recabar,6
mecánico,6
complejidad,6
carácter,6
presentado,6
admitido,6
abrir,6
favor,6
ítems,6
recopilación,6
ofrecido,6
matricular,6
disminución,6
riesgo,6
opinión,6
crecer,6
par,6
ejecutivo,6
numeroso,6
seminario,6
convertir,6
cosa,6
inserción,6
introducción,6
sororidad,6
vínculo,6
mecanismo,6
calif,6
texto,6
contener,6
disgusto,6
emotivo,6
dirigir,6
resolver,6
enseñar,6
sentir,6
sensibilizar,6
laboratorio,6
encuestado,6
identidad,6
siti,6
semillerista,6
intervalo,6
ocurrir,6
formular,6
objeto,6
economía,6
participativo,6
zona,6
cerca,6
reforzar,6
regional,6
circunstancia,6
científica,6
alumna,6
pobreza,6
negocio,6
oferta,6
fundamento,6
ministerio,6
reflexivo,6
cuestionar,6
democrático,6
preocupación,6
informático,6
women,6
pese,6
tic,6
capítulo,6
bigot,6
administración,6
ipg,6
exhaustivo,6
masculinizada,6
blando,6
predecir,6
debilidad,6
dormir,6
diurno,6
violación,6
indexación,6
extranjero,6
latinoamericana,5
caracterización,5
tratamiento,5
google,5
visibilización,5
difundir,5
característico,5
atender,5
declarar,5
combinación,5
preguntar,5
experimental,5
ingenieril,5
consideración,5
favorecer,5
profundizar,5
detectar,5
todavía,5
jugar,5
octubre,5
eliminar,5
modificación,5
quedar,5
frecuente,5
desvalorización,5
exclusión,5
escribir,5
nunca,5
abandonar,5
escaso,5
limitado,5
conducta,5
romper,5
identificir,5
graduar,5
septiembre,5
priorizar,5
tablero,5
hijo,5
soporte,5
construido,5
sentar,5
consejo,5
escrito,5
regular,5
conexión,5
edición,5
confedi,5
asociación,5
atribuir,5
whatsapp,5
reflexionar,5
acompañar,5
atraer,5
tras,5
colaborar,5
encuestada,5
llamar,5
síntesis,5
autónomo,5
resolución,5
suficiente,5
hipótesis,5
tonalidad,5
expresivo,5
miedo,5
lenguaje,5
concordancia,5
especializado,5
algoritmo,5
opinar,5
beneficiar,5
psicología,5
preferir,5
transición,5
articulación,5
debajo,5
preciso,5
conformado,5
decente,5
adoptar,5
adaptación,5
responsable,5
siglo,5
norma,5
arte,5
gubernamental,5
constitución,5
querer,5
protocolo,5
agrícola,5
concientización,5
infraestructura,5
educador,5
integración,5
cognitivo,5
verbal,5
respetar,5
desventaja,5
plazo,5
blanco,5
apropiado,5
capaz,5
predominio,5
exacto,5
situar,5
contemplar,5
detallar,5
justificar,5
transmitir,5
orden,5
consecuencia,5
dominio,5
cadena,5
all,5
engineering,5
verificar,5
panorama,5
biología,5
suave,5
sociocultural,5
bastante,5
simbólico,5
socialización,5
indispensable,5
ciudadano,5
justo,5
amenaza,5
subrepresentación,5
expectativa,5
inclusiva,5
homogéneo,5
foro,5
asociar,5
arraigado,5
mural,5
semilla,5
salir,5
confiable,5
data,5
pittsburgh,5
icsp,5
latencia,5
disfunción,5
somnolencia,5
insomnio,5
juicio,5
botadero,5
rural,5
casa,5
cultivo,5
cosecha,5
poscosecha,5
productora,5
autopercepción,4
componer,4
reúnir,4
voluntario,4
hoja,4
auto,4
sitio,4
completar,4
notorio,4
secretario,4
brecho,4
aprovechar,4
predominancia,4
agrupamiento,4
ingenieer,4
reconocido,4
individualizar,4
mirada,4
alimento,4
confirmar,4
centrado,4
mérito,4
demasiado,4
inquietud,4
español,4
claridad,4
recibido,4
rica,4
síndrome,4
impostor,4
estímulo,4
faltar,4
preparar,4
ascender,4
conciliar,4
estadounidense,4
contratación,4
eficaz,4
nacer,4
abril,4
anónimo,4
oficial,4
cercano,4
internet,4
agrupación,4
color,4
indagación,4
noción,4
vertical,4
denotar,4
ubicar,4
cohorte,4
indexado,4
isced,4
decanatura,4
techo,4
cristal,4
evolución,4
separación,4
diferenciado,4
dedicado,4
ruta,4
flexible,4
madre,4
inconsciente,4
debate,4
fomento,4
ocasión,4
mixto,4
canal,4
incluido,4
alineado,4
perteneciente,4
virtual,4
voluntad,4
progresar,4
pequeño,4
divulgación,4
coordinar,4
usado,4
enriquecimiento,4
conseguir,4
autoridad,4
cauca,4
exponer,4
determinado,4
sumo,4
calcular,4
asignado,4
chi,4
aproximado,4
independencia,4
ausencia,4
útil,4
creativo,4
explícito,4
ganar,4
secundaria,4
preliminar,4
consultar,4
distinción,4
aceptación,4
consciente,4
jornada,4
diseñado,4
sala,4
enmarcar,4
inclinar,4
exploración,4
optar,4
encuentro,4
investigativa,4
afianzar,4
ubicado,4
municipio,4
sustancial,4
prevención,4
comfenalco,4
nación,4
observatorio,4
radicar,4
entrelazar,4
imperativo,4
snies,4
higienir,4
ocupacional,4
sobresalir,4
campamento,4
ejecutar,4
reafirmar,4
necesitar,4
potenciar,4
extensión,4
dominado,4
prejuicio,4
respeto,4
minimizar,4
agente,4
tratado,4
kolb,4
secuencial,4
lógico,4
gardner,4
implicación,4
ajustar,4
procesamiento,4
cotidiano,4
aprovechamiento,4
interpretación,4
impedir,4
deseo,4
sexista,4
consistir,4
onu,4
idioma,4
capacitar,4
sanitario,4
monitor,4
discutir,4
organizado,4
experimento,4
disposición,4
satisfacción,4
complementar,4
cierre,4
oral,4
computacional,4
cómodo,4
science,4
wos,4
clúster,4
predominar,4
reclutamiento,4
persistencia,4
arquitectura,4
resumir,4
telecomunicación,4
ratificar,4
formato,4
exigir,4
regresión,4
lista,4
restringir,4
eliminación,4
trato,4
respectivo,4
estructurado,4
factible,4
planeación,4
desconocer,4
persistente,4
tesis,4
manejo,4
intersección,4
flexibilidad,4
colocar,4
paridad,4
ieee,4
interseccional,4
tomado,4
iesalc,4
independiente,4
mínimo,4
composición,4
despertar,4
socio,4
conversatorio,4
pereira,4
marzo,4
energético,4
unisimón,4
esquema,4
repetición,4
adaptativo,4
predicción,4
estimar,4
cama,4
habitación,4
acostar,4
procurar,4
determinante,4
rigurosidad,4
actuación,4
obligación,4
tierra,4
omoa,4
plástico,4
evacuación,4
excreta,4
primo,4
costo,4
emprendedor,4
agregado,4
afiliación,4
networking,4
intermedio,4
corresponsabilidad,4
tenjo,4
transformadora,4
alimentario,4
delinear,3
venezuela,3
vitae,3
demás,3
titulado,3
insumo,3
planteado,3
vivencia,3
tijero,3
comisión,3
mención,3
disciplinar,3
especialización,3
acentuar,3
iniciado,3
barra,3
representativo,3
utilidad,3
valer,3
atravesar,3
climático,3
talento,3
prevalecer,3
autopresentar,3
enlazar,3
involucramiento,3
experticia,3
parcial,3
otorgar,3
descrito,3
adaptado,3
breve,3
añadir,3
consentimiento,3
equilibrar,3
desaliento,3
raza,3
mansplaining,3
provenir,3
pareja,3
intervenir,3
expuesto,3
aspiración,3
tercio,3
coincidir,3
agravar,3
remuneración,3
respetuoso,3
europeo,3
operación,3
españa,3
equivalente,3
sensible,3
evaluada,3
versus,3
izquierdo,3
cuartil,3
dividido,3
duración,3
ponente,3
mentoer,3
separar,3
evidenciado,3
encontrado,3
evaluado,3
excepción,3
focal,3
pretender,3
legislación,3
evalúa,3
resiliencia,3
multifacético,3
conversación,3
equilibrio,3
república,3
argentino,3
laccei,3
acofi,3
misión,3
cumplimiento,3
perseguir,3
sinergia,3
fecha,3
hoy,3
instagram,3
gama,3
animar,3
física,3
funcionar,3
aceptar,3
panel,3
reunir,3
iniciativo,3
piloto,3
manual,3
episodio,3
accesible,3
transformado,3
comprometido,3
legado,3
inspiración,3
alcanzado,3
bachillerato,3
subjetivo,3
guiado,3
ende,3
sesgada,3
saneamiento,3
media,3
mediano,3
valorado,3
léxico,3
polaridad,3
cuadrado,3
compar,3
cualitativa,3
puntaj,3
diferenciar,3
dependencia,3
probable,3
nota,3
validar,3
atractivo,3
abordaje,3
socializar,3
aclarar,3
cerrado,3
informática,3
actitud,3
masculina,3
matemática,3
motivador,3
undécimo,3
char,3
recorrido,3
instalación,3
corto,3
sostener,3
inmersión,3
consolidación,3
experimentación,3
acercamiento,3
concentrar,3
embarazo,3
retirar,3
interrogant,3
ponencia,3
transferencia,3
contextualización,3
estructural,3
capital,3
circular,3
mejoramiento,3
abordado,3
sostenido,3
prestar,3
municipal,3
universal,3
eficiente,3
mitigación,3
pnud,3
ormet,3
provocar,3
mirar,3
recolectado,3
baja,3
suceder,3
celebrar,3
estimulante,3
verano,3
tutoría,3
extracurricular,3
feria,3
inversión,3
conforme,3
mitigar,3
establecimiento,3
cultivar,3
innovador,3
mano,3
vulnerabilidad,3
ente,3
concebir,3
tinto,3
ahí,3
visualización,3
particularidad,3
educando,3
auditivo,3
kinestésico,3
razonamiento,3
interpersonal,3
corporal,3
inducción,3
solicitar,3
conllevar,3
restricción,3
entrar,3
movimiento,3
segmento,3
doméstico,3
concepción,3
urgencia,3
liderado,3
minoría,3
brasilia,3
manufactura,3
pronunciado,3
nativo,3
reforma,3
itinerario,3
significado,3
chica,3
divertido,3
impresión,3
preparado,3
reunión,3
postura,3
actualización,3
creciente,3
directriz,3
fondo,3
pedagogía,3
requisito,3
conservar,3
atributo,3
coherencia,3
reporte,3
gracias,3
sur,3
citation,3
productividad,3
atípico,3
variación,3
magnitud,3
especialidad,3
subgrupo,3
hallar,3
geográfico,3
editorial,3
horizonte,3
capturar,3
insumos,3
representado,3
articulado,3
binario,3
igualitario,3
correcto,3
semiestructurado,3
entrevistar,3
peter,3
checkland,3
administrar,3
aproximación,3
gráfica,3
formulación,3
raíz,3
deseable,3
uniandín,3
lluvia,3
padre,3
democracia,3
salarial,3
desconocimiento,3
documentado,3
computadora,3
comprometer,3
revolución,3
avanzado,3
interconectado,3
instrucción,3
inscripto,3
apenas,3
oscilar,3
subrepresentada,3
cuota,3
candidato,3
esfera,3
afirmación,3
simple,3
humanidad,3
eficacia,3
terreno,3
identitario,3
emerger,3
étnico,3
marcar,3
autoestima,3
invisible,3
moldear,3
san,3
bello,3
apropiación,3
árbol,3
preservación,3
lucha,3
sembrar,3
café,3
psicológico,3
prevenir,3
transversalización,3
misional,3
validación,3
sustento,3
guía,3
lengua,3
adulto,3
neuronal,3
carecer,3
prometedor,3
afiliada,3
trastorno,3
correlación,3
deuda,3
ameritar,3
evaluó,3
excesivo,3
deductivo,3
guión,3
coocurrencia,3
dedoo,3
convencionalidad,3
frágil,3
estrés,3
central,3
vulneración,3
comercializar,3
potable,3
emprendedora,3
solar,3
eficiencia,3
mantenimiento,3
desempleado,3
favorable,3
girls,3
expandir,3
buena,3
increíble,3
nemocón,3
secado,3
campesino,3
lideresa,3
andino,3
nutricional,3
cultivado,3
panoja,3
planteamiento,2
latinoamérica,2
reunido,2
arg,2
bol,2
col,2
mex,2
filiación,2
planilla,2
currículum,2
declaración,2
coordinador,2
colombiana,2
excluyente,2
cobrar,2
predominante,2
transitar,2
contabilizar,2
doctorar,2
magister,2
vías,2
excelencia,2
finalizar,2
merecer,2
veces,2
nótese,2
foco,2
trayecto,2
intentar,2
relevant,2
voluntariado,2
progresión,2
derivar,2
mccullough,2
redacción,2
sugerido,2
residencia,2
título,2
activar,2
residir,2
válido,2
academio,2
desempeñado,2
microagresión,2
sufrir,2
corporativo,2
reportado,2
elegido,2
planear,2
masculinizado,2
respaldo,2
afrontar,2
asertivo,2
tamaño,2
reducido,2
contraste,2
demostrado,2
basada,2
anexo,2
garcía,2
aceptado,2
invertir,2
times,2
higher,2
education,2
the,2
sincrónica,2
priorización,2
semanal,2
denominación,2
varía,2
biomédico,2
variab,2
sincrónico,2
combinar,2
bloque,2
negro,2
pro,2
contrato,2
examen,2
fundacional,2
vicedecanatura,2
confinamiento,2
impuesto,2
inscribir,2
proactivo,2
carta,2
compañera,2
retener,2
poderoso,2
alentar,2
transformador,2
alemania,2
supervisor,2
autoconfianzo,2
federal,2
acompañant,2
asamblea,2
esperado,2
doble,2
facebook,2
confidencialidad,2
revisora,2
permitiéndol,2
elevar,2
diciembre,2
fallar,2
pedir,2
ayuda,2
comunicar,2
youtube,2
mentor,2
efectividad,2
audiencia,2
volumen,2
focalizar,2
involucró,2
promocionar,2
voto,2
lazo,2
afecto,2
planificar,2
derribar,2
universitaria,2
excepto,2
áfrica,2
vazquez,2
peso,2
diligenciamiento,2
otorgado,2
std,2
rojo,2
azul,2
asimetría,2
alejar,2
normalidad,2
nrc,2
resultante,2
token,2
normal,2
versión,2
tampoco,2
irar,2
reseña,2
ira,2
tono,2
realimentación,2
influenciado,2
acá,2
época,2
considerar,2
periodicidad,2
introducir,2
habitual,2
obtención,2
dicotómico,2
automatización,2
inferencia,2
llamativo,2
ilustrar,2
restante,2
influyente,2
representante,2
opinó,2
genuino,2
resumen,2
respaldar,2
bogotá,2
diálogo,2
grabar,2
portafolio,2
metodologiar,2
residual,2
binomio,2
fantástico,2
crisis,2
descubrir,2
exploratorio,2
finalidad,2
incursionar,2
conveniencia,2
cali,2
comprendido,2
recuperación,2
estructurar,2
refinar,2
sopesar,2
explicación,2
permanente,2
continuidad,2
fundamentación,2
desenvolver,2
cabeza,2
apostar,2
turismo,2
promuevan,2
asentamiento,2
resilient,2
verde,2
accesib,2
marcha,2
consumo,2
reciclaje,2
reutilización,2
miras,2
primordial,2
suscitar,2
disfrute,2
aludir,2
originar,2
garanticir,2
consiguiente,2
estimular,2
inequidad,2
afirmativo,2
encabezar,2
tecnologir,2
estudiado,2
detectado,2
modelos,2
pasantía,2
inspiradora,2
importar,2
contrarrestar,2
competitividad,2
aislamiento,2
suponer,2
venir,2
convergir,2
disertación,2
conservación,2
territorio,2
vital,2
vértiz,2
especificación,2
educado,2
administrador,2
cambiant,2
didáctica,2
empírico,2
astin,2
lento,2
relegado,2
hurtado,2
continente,2
impartir,2
falencia,2
pobre,2
perder,2
personalizado,2
vak,2
focus,2
pragmático,2
intuitivo,2
honey,2
probar,2
howard,2
dunn,2
ritmo,2
group,2
electivo,2
asimilador,2
organizaciones,2
dediques,2
hagar,2
intelectual,2
recomendable,2
duro,2
modificar,2
decidido,2
innovadora,2
personalización,2
interactivo,2
recordar,2
abp,2
cálculo,2
afianzamiento,2
escritura,2
error,2
didáctico,2
diversificado,2
asistir,2
intenso,2
albergar,2
indígena,2
precoz,2
patriarcal,2
recurrente,2
verdadero,2
rescatar,2
registrado,2
ocde,2
unb,2
equilibrado,2
santa,2
velozes,2
menina,2
malla,2
gestionar,2
indirecto,2
lewin,2
viabilidad,2
logística,2
logístico,2
invertido,2
acercar,2
gamificación,2
implicado,2
colectar,2
sugerencia,2
enlace,2
coordinado,2
testimonio,2
mitad,2
enviar,2
referido,2
trabajado,2
perjudicar,2
resistencia,2
exposición,2
evolucionar,2
sensación,2
volver,2
tardar,2
tutor,2
ajuste,2
repositorio,2
capturados,2
capturado,2
urbanismo,2
novedoso,2
afirmativa,2
ciencio,2
mero,2
transparencia,2
soportar,2
extracción,2
filtro,2
columna,2
equivocado,2
tránsito,2
observado,2
granularidad,2
imagen,2
traer,2
eeuu,2
field,2
weighted,2
impact,2
diagrama,2
dispersión,2
lineal,2
generó,2
nube,2
promediar,2
graficar,2
publicaciones–cita,2
excluir,2
pendiente,2
excepcional,2
conteo,2
figurar,2
bibliométrico,2
impulso,2
combatir,2
subrair,2
subyacente,2
imprescindible,2
alusión,2
macho,2
hembra,2
costumbre,2
jerarquía,2
practicidad,2
perspectivo,2
respectar,2
cíclico,2
difuso,2
sistémico,2
plasmar,2
límite,2
encargado,2
elaboran,2
verbo,2
caer,2
consenso,2
art,2
proporcionado,2
acabar,2
terminar,2
desinformación,2
financiación,2
repercutir,2
extender,2
invitación,2
almacenar,2
proteger,2
tics,2
desalentar,2
agregar,2
navegar,2
percibido,2
admitir,2
nacimiento,2
vulnerable,2
discapacidad,2
inmerso,2
dinámico,2
paradigma,2
agrupir,2
interdisciplinariedad,2
constatar,2
numérico,2
llegada,2
luz,2
revertir,2
detalle,2
detrás,2
parecer,2
amplitud,2
bibliográfico,2
for,2
lectura,2
prompts,2
configurar,2
rigor,2
artes,2
descuidar,2
matriculación,2
terciario,2
austria,2
sancionar,2
clínico,2
erróneo,2
prominente,2
comportar,2
perjudicial,2
influenciar,2
escuchar,2
arrojar,2
considerado,2
determinant,2
progresivo,2
educadora,2
cobertura,2
dominar,2
incertidumbre,2
marginación,2
impactir,2
marginado,2
aislado,2
visitar,2
cartago,2
byron,2
agosto,2
impartido,2
minero,2
energética,2
upme,2
asesora,2
mina,2
pintura,2
vicerrectoría,2
ánimo,2
marie,2
curie,2
biográfico,2
desmitificar,2
destinado,2
vo,2
sos,2
postular,2
convivencia,2
mugedi,2
socia,2
documental,2
procedimental,2
simón,2
bolívar,2
tributar,2
generadora,2
sistematización,2
extenso,2
pasivo,2
mente,2
conductista,2
coherente,2
facilitador,2
innovadoro,2
interconexión,2
máquina,2
vector,2
extraído,2
big,2
dbnls,2
online,2
automático,2
predictivo,2
empleabilidad,2
profundización,2
probabilístico,2
bola,2
nieve,2
estandarizar,2
interpretar,2
maternidad,2
minuto,2
comer,2
malo,2
peor,2
masa,2
imc,2
pierna,2
higiene,2
ingesta,2
funcionalidad,2
defensora,2
tomadora,2
informante,2
leer,2
fragmento,2
coincidencia,2
conceptualizar,2
promulgación,2
menciona,2
coordinación,2
territorial,2
comisionado,2
municipalidad,2
ineficaz,2
articular,2
débil,2
mal,2
funcional,2
opaco,2
mando,2
protagonismo,2
programar,2
consultor,2
jurídico,2
corrupción,2
defender,2
abuso,2
desprestigio,2
integridad,2
gobernante,2
funcionario,2
propiedad,2
post,2
derivado,2
limitant,2
cortés,2
vidrio,2
envase,2
delicado,2
residuo,2
asociatividad,2
venta,2
precariedad,2
rico,2
inferir,2
marino,2
organizativo,2
alternativa,2
pared,2
madera,2
reciclado,2
dormitorio,2
hacinamiento,2
tubeer,2
jefa,2
pirámide,2
enero,2
hombr,2
unión,2
comercio,2
conectar,2
insistir,2
engineers,2
acm,2
subsistema,2
andrés,2
rigen,2
vía,2
financiamientir,2
pilar,2
rubro,2
apuntar,2
renunciar,2
lógica,2
maker,2
lúdico,2
reportaje,2
operativo,2
becaria,2
iniciación,2
wiep,2
unad,2
chir,2
coguo,2
subachocar,2
sibaté,2
fusagasugá,2
carmen,2
carupa,2
maquinaria,2
bioactiva,2
proteína,2
alimenticio,2
suelo,2
nariño,2
boyacá,2
harina,2
finca,2
distinguir,1
circunstancial,1
numera,1
revestir,1
privada,1
acotar,1
bienio,1
indicado,1
googlar,1
cical,1
celebración,1
convocar,1
especificidad,1
tabla,1
rasgo,1
muestro,1
secretarías,1
académicas,1
jefo,1
decana,1
directora,1
gerenta,1
presidenta,1
coordinadora,1
autoidentificar,1
vocaciones,1
mentoreir,1
autir,1
expresándolo,1
especificar,1
sustentable,1
indicio,1
metodologías,1
curriculum,1
sintético,1
posear,1
adelantar,1
abarcativo,1
conjunción,1
electromecánico,1
mecatrónicar,1
eléctrica,1
electrónica,1
escasísimo,1
signado,1
sobrevivencia,1
desprender,1
profusa,1
diplomatura,1
investigado,1
plus,1
suficiencia,1
especialista,1
formativa,1
epistemología,1
valorable,1
aportación,1
específica,1
visibilizado,1
consolidir,1
amplifiquen,1
abreviado,1
conocedor,1
valoricir,1
delimitar,1
mayúsculo,1
imperante,1
recortar,1
virtualidad,1
mayoritario,1
ahondir,1
lupa,1
tijera,1
quizás,1
relacionir,1
definitivo,1
autoinformado,1
reemplazar,1
concisión,1
descartar,1
sénior,1
decán,1
gerente,1
vicedecán,1
vicedecano,1
despectivo,1
etnia,1
envidia,1
patrocinio,1
credibilidad,1
destacable,1
lidiar,1
tolerar,1
desmotiir,1
spoon,1
vido,1
inflexible,1
corregir,1
deterioran,1
stamarsky,1
hing,1
sexismo,1
nombramiento,1
edadismo,1
wstem,1
modernizar,1
gobernanza,1
durar,1
medición,1
concernir,1
mapeo,1
benchmarking,1
diploma,1
licenciatura,1
monitorear,1
sago,1
adicionar,1
modifico,1
holgado,1
osorio,1
recuento,1
asincrónica,1
mayo,1
ejecutado,1
exclusivo,1
completitud,1
miro,1
idear,1
asincrónico,1
juntar,1
morado,1
profesoral,1
propia,1
izquierda,1
derecha,1
contratado,1
scopu,1
expositor,1
página,1
balance,1
hostigamiento,1
ins,1
mat,1
surgida,1
ahondar,1
adulta,1
conectarla,1
asesoer,1
mexicano,1
enfatizar,1
abrazar,1
australia,1
lean,1
circles,1
consorcio,1
inspirado,1
movilizador,1
excelente,1
docencio,1
dinamizadora,1
promotora,1
directorio,1
fundador,1
firmar,1
convenio,1
colaborir,1
consonancia,1
conjunta,1
ayudarla,1
autorización,1
retroalimentación,1
autorizar,1
estricto,1
contestar,1
editora,1
esperanza,1
enfrentado,1
lección,1
aprendido,1
cautivar,1
autores,1
perú,1
guatemala,1
amistades,1
mentorear,1
unir,1
magistral,1
video,1
remoto,1
organizador,1
invaluabl,1
ponent,1
alentador,1
mentoreado,1
lanzamiento,1
disfrutar,1
empoderir,1
despejar,1
vacilar,1
lanzar,1
reproducción,1
consultado,1
votado,1
engagement,1
impactant,1
twitter,1
linkedin,1
ayudo,1
ahora,1
frase,1
internacionalización,1
enamorar,1
mentorío,1
crianza,1
vean,1
enorgullecer,1
recorrer,1
inspire,1
ayude,1
esforcer,1
adolescente,1
catedrática,1
medicín,1
enfermeer,1
odontologío,1
advertir,1
arceo,1
gomez,1
personalidad,1
apariencia,1
adjetivo,1
corporación,1
soportado,1
heteroevaluación,1
descriptor,1
dataset,1
mediana,1
desviación,1
anotar,1
contratar,1
maestro,1
asimeter,1
coeficiente,1
anderson,1
darling,1
rechazar,1
significancio,1
2x10,1
unificar,1
tokenizar,1
ésta,1
student,1
wilcoxon,1
nominal,1
librería,1
tidyver,1
moment,1
nortest,1
rstatix,1
emotividad,1
discriminado,1
histograma3,1
calculado,1
neutral,1
intensidad,1
agrupan,1
carec,1
positividad,1
adscrito,1
estancamiento,1
jefe,1
inmediato,1
arceogomez,1
uniautónoma,1
currícula,1
quincenal,1
incorporaciòn,1
simultáneo,1
accesibilidad,1
disponer,1
minimo,1
porción,1
franja,1
etario,1
comodidad,1
relevado,1
esperada,1
experimentado,1
tendient,1
opina,1
consultarl,1
sesgar,1
gusto,1
agrado,1
gustar,1
incorporarar,1
descubierto,1
visto,1
bella,1
afrontarlos,1
guiada,1
campus,1
décimo,1
niñas,1
replantear,1
fluido,1
biblioteca,1
cámara,1
gesell,1
audiovisual,1
emisora,1
radio,1
gimnasio,1
danza,1
deportivo,1
politécnico,1
grancolombiano,1
metodologir,1
pilotaje,1
socioemocional,1
prepararlo,1
uniminuto,1
fadp,1
apartado,1
desplazamiento,1
cumplimento,1
acepción,1
sondeo,1
terminado,1
tentativa,1
explicativa,1
desarrollando,1
cognoscitiva,1
analítica,1
familiarizar,1
escrituro,1
poster,1
cartilla,1
humanista,1
cti,1
valle,1
intervenida,1
abordada,1
eco,1
encaminado,1
urbanización,1
per,1
cápita,1
aire,1
desastre,1
adelantado,1
edificio,1
racional,1
clarificado,1
visibilizarir,1
multiplicidad,1
reformular,1
conceptualización,1
verificable,1
cuantitativa,1
disfrutir,1
enorme,1
enaltecer,1
planteir,1
emprendido,1
organismo,1
estipular,1
ciudadana,1
emparentado,1
sustantivo,1
conjugar,1
obligar,1
realizar,1
proveer,1
producido,1
decreciente,1
consecutivo,1
partición,1
bajar,1
casual,1
fabuloso,1
subir,1
satisfactorias,1
procederer,1
implantar,1
instituir,1
enlacir,1
vinculen,1
invitado,1
sobresaliente,1
robótica,1
talentosa,1
tecnolog,1
sobrellevar,1
básica,1
motivadora,1
instaurar,1
someter,1
certificar,1
club,1
asesoramiento,1
mediar,1
versátil,1
llámese,1
ineludible,1
invención,1
entorpecer,1
reflejada,1
ampliación,1
recomendar,1
repartición,1
predictor,1
ocurrencia,1
denunciar,1
inapropiada,1
sanción,1
infringe,1
denuncia,1
seriedad,1
recinto,1
motivir,1
infancia,1
confiar,1
desarrollen,1
curiosidad,1
enunciar,1
acelerado,1
requerido,1
pluralidad,1
llevadas,1
ciudadanir,1
acordar,1
empática,1
conservacionista,1
multidimensional,1
nutrir,1
poblacional,1
potencialización,1
organicen,1
desnutrición,1
duradero,1
prospectivo,1
proyectista,1
renovable,1
abastecimiento,1
asequible,1
contaminante,1
globalización,1
solidez,1
permeado,1
vicisitud,1
atenuant,1
vivar,1
ministerial,1
intencional,1
consentir,1
sistemático,1
feldmar,1
newcombo´s,1
pionero,1
obra,1
vincent,1
interaccionista,1
kamens,1
bean,1
nombrado,1
surgimiento,1
preexistencia,1
spady,1
leaving,1
collegir,1
longitudinal,1
alexander,1
ernest,1
pascarella,1
patrick,1
terenzini,1
fortificar,1
allir,1
bennett,1
okinaka,1
clewell,1
ficklen,1
fleming,1
hernández,1
carter,1
johnson,1
murguia,1
padilla,1
pavel,1
noro,1
rendon,1
richardson,1
solorzano,1
cejar,1
yosso,1
thayer,1
thompson,1
fretz,1
torre,1
zuritar,1
abordar,1
desertado,1
solucionar,1
detengar,1
justificable,1
matemáticas,1
carencia,1
nivelación,1
feliz,1
pérdida,1
entrega,1
causar,1
frustración,1
promotor,1
ameno,1
comportamental,1
matizar,1
grup,1
dominante,1
david,1
sensitivo,1
alonso,1
aburrar,1
lingüístico,1
espacial,1
musical,1
intrapersonal,1
naturalista,1
ideal,1
trimestre,1
automatismo,1
mecatrónico,1
enmarcado,1
perfilar,1
inductivo,1
tién,1
posees,1
deport,1
pololeo,1
carretar,1
ramo,1
evitarer,1
junta,1
parecido,1
cansarás,1
alterno,1
deporte,1
realista,1
provisional,1
encuentr,1
conviene,1
nocturno,1
dispuesto,1
personalizar,1
alineir,1
partícipe,1
constructor,1
alinear,1
propenso,1
sintetizar,1
articulada,1
fomentir,1
trabajarar,1
simulación,1
multidisciplinario,1
competición,1
perfeccionamiento,1
veracidad,1
cautela,1
noche,1
agotar,1
digno,1
fuerza,1
ferviente,1
encontrarar,1
reacción,1
impulsado,1
arduo,1
logre,1
reservado,1
adquisitivo,1
brasileño,1
desatendido,1
disputa,1
rentable,1
interrumpar,1
conciliarla,1
susceptible,1
sometimiento,1
dominación,1
renuncien,1
presión,1
preconcebido,1
razar,1
privilegiado,1
prestigiosa,1
inconcebible,1
configuración,1
lejos,1
automotriz,1
seguida,1
estigma,1
diversificar,1
remodelación,1
rápido,1
maf,1
cem,1
maría,1
distrito,1
maduro,1
haciéndola,1
retroceder,1
tutora,1
duplicar,1
predefinida,1
englobar,1
ítem,1
instiguir,1
formulado,1
nortear,1
suma,1
limpio,1
cost,1
asociándolo,1
materialidad,1
espíritu,1
competitivo,1
juego,1
mandar,1
pinchar,1
escanear,1
rellenar,1
cronológico,1
acelerando,1
diapositiva,1
vigente,1
distanciamiento,1
focalización,1
inseguridad,1
autonomía,1
contestado,1
añadidura,1
transcripción,1
bueno,1
mejoré,1
interesar,1
yo,1
coautor,1
relatar,1
motivado,1
conflicto,1
manejar,1
gana,1
naturalizar,1
signo,1
propicio,1
escuelar,1
camín,1
generalizado,1
connotación,1
respondierar,1
strategy,1
inclusion,1
vosviewer,1
clústers,1
metadato,1
melbourne,1
postulación,1
solicitant,1
solicitante,1
ronda,1
partida,1
génesis,1
feminidad,1
prospectiva,1
facilitación,1
mentalidad,1
justificación,1
blockchain,1
sistematizar,1
surtir,1
matricula,1
extra,1
remover,1
afinser,1
contaduría,1
gastronomir,1
llevándolo,1
consolidado,1
zoom,1
girar,1
abarcado,1
trasmitar,1
colación,1
retomar,1
trasladar,1
cubrir,1
propendar,1
públicas,1
inviertar,1
pena,1
sars,1
cov,1
incumbir,1
canadá,1
entregar,1
medellín,1
lojo,1
ventana,1
indexar,1
ecuación,1
interval,1
plot,1
prolífico,1
duodécima,1
decimotercera,1
decimocuarto,1
decimoquinto,1
acumular,1
triple,1
recta,1
espectro,1
duplico,1
provee,1
ligado,1
estabilidad,1
áreas,1
doctora,1
maester,1
concluyente,1
autoral,1
autorar,1
editar,1
contrastar,1
anestesiología,1
probabilidad,1
converge,1
multifactorial,1
generalización,1
temporal,1
aplicabilidad,1
superarla,1
publicaciones–citas,1
abordarla,1
puntualizar,1
indistinto,1
diccionario,1
rotura,1
aberturo,1
impregnar,1
especia,1
convirtiendo,1
regla,1
subjetividad,1
permitido,1
oms,1
debatir,1
remunerada,1
scott,1
constitutivo,1
distingar,1
significante,1
unicef,1
analítico,1
vertient,1
feminismo,1
velar,1
desnaturalizar,1
perpetuar,1
jerarquización,1
consagrado,1
psicosocial,1
gozar,1
brindo,1
desbalance,1
ecuánimir,1
sinónir,1
sánchez,1
fotografía,1
documentación,1
soft,1
systems,1
methodology,1
difusa,1
inestructurado,1
interrelación,1
delimitación,1
enriquecida,1
flujo,1
analista,1
desprendar,1
nemotécnico,1
catwoe,1
cliente,1
beneficiario,1
entrada,1
salida,1
weltanschauung,1
propietario,1
dueño,1
mental,1
aclaración,1
discutido,1
especular,1
pronto,1
sueve,1
cambiante,1
codiseñar,1
viable,1
sumarir,1
comparado,1
suplemento,1
estable,1
divergent,1
lactancia,1
machista,1
mencionada,1
semestral,1
ingeneír,1
ajeno,1
pensum,1
aplicable,1
unificado,1
masculinidad,1
abortir,1
interesen,1
maad101,1
maltrato,1
embarazado,1
lactant,1
desfavorecir,1
desinterés,1
alejado,1
lectora,1
evaluarla,1
capacitado,1
existent,1
requerimiento,1
controlar,1
versatilidad,1
interdisciplinario,1
ordenador,1
recuperar,1
aptitud,1
intimidante,1
sumado,1
videojuego,1
intensivo,1
descargarlo,1
retribución,1
abandono,1
forzoso,1
modos,1
obedecer,1
tardir,1
índole,1
autoconcepto,1
ángulo,1
beneficioso,1
preocupado,1
garantía,1
pueblo,1
persistar,1
huella,1
perdurable,1
manifestado,1
industrio,1
ciber,1
operar,1
singularidad,1
convergencia,1
desdibujar,1
frontera,1
fusión,1
auténtico,1
subsector,1
respaldado,1
serio,1
logrado,1
retroceso,1
exhortar,1
cimentado,1
subárea,1
inferioridad,1
razonable,1
ascendente,1
arriba,1
alumnado,1
cruce,1
cuadro,1
regularizar,1
cursada,1
finalizado,1
arrojo,1
centrarno,1
familiaridad,1
cuantificar,1
deltar,1
normalización,1
elevado,1
motivacional,1
rastreo,1
renombre,1
scholar,1
xplore,1
sciencedirect,1
jstor,1
scienz,1
index,1
ssci,1
inform,1
abarcarar,1
filtrar,1
pertinencia,1
proporcionada,1
institutir,1
statistics,1
uis,1
alfabetización,1
brindado,1
delineado,1
condensar,1
proveniente,1
concernient,1
instruir,1
minucioso,1
abordarar,1
contemporáneo,1
categorial,1
crenshaw,1
asiático,1
humanidades,1
aparente,1
división,1
infrarrepresentación,1
desglosada,1
etiopía,1
órgano,1
westerdijk,1
preveniry,1
legal,1
sucesivo,1
infrarrepresentada,1
involucra,1
asistencial,1
englor,1
enfermería,1
fisioterapia,1
terapia,1
infrarrepresentado,1
homogénea,1
relieve,1
variabilidad,1
diferir,1
dicotomía,1
revisado,1
subsistir,1
provisión,1
forjar,1
influenciada,1
rodear,1
simplisto,1
economío,1
islandia,1
finlandia,1
noruega,1
afganistán,1
pakistán,1
congo,1
cualidad,1
ambición,1
agencia,1
amabilidad,1
empatía,1
categorizado,1
verdugo,1
cisgénero,1
innato,1
preconcebida,1
subestimación,1
posicionamiento,1
ranking,1
dane,1
enriquecedoro,1
adoptado,1
omitir,1
descuido,1
subsaharián,1
cualificación,1
sobrepasar,1
llevándola,1
desmotivación,1
ascenso,1
superación,1
remontar,1
propedéutico,1
distintivo,1
acoger,1
distribuido,1
variado,1
pintar,1
retrato,1
subrepresentado,1
reveladoro,1
reflejo,1
tangible,1
subyacer,1
cuerpo,1
plasma,1
significativa,1
conquista,1
posicionar,1
condicionar,1
sni,1
impresionante,1
hito,1
supremacía,1
atrás,1
revelador,1
bruto,1
detenido,1
conformación,1
enraizado,1
prolongar,1
nocivo,1
arrastrar,1
embarcar,1
desalentador,1
pernicioso,1
evalúir,1
injusto,1
entramado,1
preconcepción,1
aventuran,1
incitar,1
impostorismo,1
dudir,1
internalización,1
juguete,1
formal,1
moldeado,1
prolonguir,1
afrodescendient,1
racial,1
minoritario,1
desfavorecido,1
interconectar,1
interrelacionar,1
abarco,1
holístico,1
abogar,1
sistémica,1
genuín,1
circunscribir,1
singular,1
amalgama,1
contextualizada,1
exceder,1
prosperar,1
pereirar,1
wie–utp,1
implementada,1
estrato,1
combia,1
kennedy,1
gavirio,1
vicente,1
pablo,1
lorencitar,1
villega,1
rosa,1
cabal,1
uxperiencia,1
calasanz,1
anglo,1
americano,1
sant,1
andrews,1
salesiano,1
josé,1
ferio,1
indalecio,1
penillo,1
portador,1
receptor,1
inclinación,1
publicitar,1
certeza,1
preferido,1
filosofía,1
preguntarl,1
suministrar,1
contemplada,1
dictado,1
febrero,1
acostumbrar,1
persigar,1
pasión,1
conmemoración,1
rama,1
denominado,1
sar,1
estrecho,1
privilegio,1
ilustre,1
invitada,1
brindarl,1
asistente,1
donación,1
embellecer,1
siembra,1
medicina,1
aeroespacial,1
biofísico,1
mae,1
jaminson,1
edith,1
clarke,1
ada,1
lovelacir,1
diana,1
trujillo,1
hedy,1
lamarr,1
lucy,1
tejado,1
cecilia,1
payne,1
rosalind,1
franklin,1
maria,1
montessori,1
boletín,1
humanizado,1
popularizar,1
rendir,1
homenaje,1
noessolocurie,1
presentarl,1
aburrido,1
complicado,1
mañana,1
rarir,1
hayar,1
conferencista,1
chiste,1
malestar,1
estancia,1
exterior,1
complicar,1
congruent,1
testigo,1
negativa,1
naturalización,1
estigmatización,1
soslayar,1
erradicar,1
sancionado,1
identifico,1
patrimonial,1
naturalizado,1
invisibilizado,1
doméstica,1
reproductivo,1
obstétrico,1
mediático,1
concretado,1
plenario,1
guir,1
compendio,1
sustantiva,1
consistente,1
estadir,1
avanz,1
previsto,1
orientadora,1
dialógico,1
reyes,1
allí,1
replicarla,1
antigüedad,1
protagónico,1
colisionar,1
skinner,1
respuestar,1
epistemológica,1
empirista,1
refuerzo,1
suministrado,1
repetitivo,1
constructivista,1
proyectivo,1
bloom,1
clasifica,1
conductismo,1
constructivismo,1
síncrono,1
memorístico,1
acomodador,1
divergente,1
convergente,1
perceptivo,1
opuesto,1
evidencio,1
tutoer,1
otorgándol,1
autogestión,1
experiencial,1
munford,1
vark,1
pretend,1
neurociencia,1
erasmus,1
english,1
proporcionamos,1
concisar,1
corteza,1
cerebral,1
cuantificable,1
ponderado,1
svm,1
ann,1
ablación,1
portugal,1
hibridado,1
convencional,1
autoevalúir,1
tedioso,1
aburrir,1
fijo,1
archivo,1
minería,1
aplicamos,1
fuzzy,1
mean,1
datar,1
superficial,1
dbn,1
ils,1
solomar,1
entrenar,1
gradual,1
massive,1
opir,1
cour,1
mooc,1
fslsm,1
mejorado,1
sobreajuste,1
entrenamiento,1
universidades,1
acumulación,1
mejorada,1
meticuloso,1
metodologíos,1
moderno,1
paragua,1
filtrado,1
bosqu,1
aleatorio,1
vectorial,1
lms,1
moodle,1
entro,1
transcurso,1
fracaso,1
repensar,1
proveedor,1
guiar,1
test,1
explicándol,1
sensorial,1
oído,1
memoficha,1
símbolo,1
razonado,1
encuestar,1
muestreo,1
chats,1
gremial,1
forms,1
buysee,1
cols,1
discriminar,1
estimación,1
severidad,1
ingenieras,1
aprobar,1
centroamericano,1
identificador,1
tabulación,1
spss,1
cruz,1
significancia,1
vario,1
preescolar,1
versu,1
entrevistada,1
expresado,1
autorreporte,1
guardar,1
cuadrada,1
recalcar,1
rutina,1
incidente,1
afectación,1
injerencia,1
cognitiva,1
santo,1
tomás,1
villacencio,1
óptimo,1
católico,1
paraná,1
merec,1
grave,1
sebastián,1
santiago,1
medianoche,1
horas,1
dormía,1
recomendado,1
sobrepeso,1
icsd,1
empeoramiento,1
ronquido,1
apneo,1
desfar,1
pesadilla,1
parálisis,1
dormido,1
alteración,1
rechinar,1
diente,1
calambr,1
molesto,1
sacudido,1
brusca,1
tamizaje,1
referida,1
descrita,1
siesta,1
alcohol,1
bebida,1
cafeína,1
chocolate,1
comida,1
abundante,1
azúcar,1
temperatura,1
aireación,1
oscuro,1
ruido,1
orgánico,1
celular,1
aparición,1
exacerbación,1
patología,1
metabólico,1
cardiovascular,1
neoplásica,1
incident,1
considerable,1
mann,1
whitney,1
comorbilidad,1
padecer,1
síntoma,1
burnout,1
consejería,1
preventivo,1
saludable,1
silogismos,1
categorizada,1
defensor,1
activista,1
vivido,1
díaz,1
guerrero,1
caracterizado,1
listado,1
contactar,1
anonimidad,1
wav,1
mp4,1
transcribeír,1
audio,1
conversión,1
transcriptor,1
proporcionir,1
ordinario,1
praxeológico,1
narrativa,1
análisi,1
concatenar,1
anotación,1
semántico,1
jergo,1
regionalismos,1
preestablecido,1
segmentar,1
apreciación,1
codificación,1
cohesivo,1
enunciacer,1
proferido,1
citar,1
ilustrativo,1
limitativo,1
conceptuar,1
partícip,1
concordant,1
albuquerque,1
sectorial,1
aunar,1
descentralización,1
cooperant,1
oficina,1
oacnoudh,1
prensa,1
aducir,1
conjugación,1
cara,1
articularno,1
coalición,1
ahoritir,1
jurisdicción,1
mandato,1
originado,1
usaid,1
ineficiencia,1
aparato,1
causado,1
inexperto,1
inadecuado,1
institucionalidad,1
impericia,1
negligencia,1
negación,1
indiferencia,1
queja,1
reclamo,1
fundamentalistar,1
resguardo,1
memoria,1
sanín,1
sustituido,1
fallido,1
bribón,1
roguir,1
colapsar,1
sombra,1
inestabilidad,1
interlocutor,1
ministra,1
monstruo,1
delegar,1
ramírez,1
enterar,1
ciudadanía,1
faceta,1
convenir,1
salvedad,1
mediación,1
retroalimentar,1
repente,1
nosotra,1
sicología,1
alacio,1
subdesarrollada,1
condicionándolo,1
ideológico,1
partidista,1
condicionamiento,1
legislativa,1
primar,1
insignificante,1
sobreponer,1
presidencialista,1
margen,1
ministro,1
ética,1
wilkie,1
imparcial,1
gira,1
fiabilidad,1
pandilla,1
juvenil,1
desfase,1
costar,1
encontré,1
rector,1
humanístico,1
politizar,1
marginar,1
silencio,1
tocar,1
secretaría,1
olvidar,1
report,1
pagar,1
gente,1
atraso,1
reaccionario,1
presuponer,1
emanar,1
ratificación,1
legislativo,1
judicial,1
defensoría,1
basto,1
recurrir,1
arista,1
presupuesto,1
bioingeniera,1
abogada,1
posesión,1
ancestral,1
sicológico,1
ciberacoso,1
similitud,1
ostentar,1
constitutiva,1
catalogado,1
autocensura,1
funcionarios,1
policía,1
criminal,1
dañar,1
luchar,1
persecución,1
desacreditación,1
aunado,1
agresión,1
limitativa,1
intersectorial,1
narrado,1
replicar,1
sensu,1
régimen,1
meritocracia,1
competente,1
verdad,1
diseminar,1
degradar,1
intimidad,1
renglón,1
ignorancia,1
creadora,1
destinar,1
emitir,1
accionar,1
demeritar,1
sutil,1
perceptible,1
atentar,1
expuesta,1
eliminir,1
culturización,1
injusticia,1
sometido,1
sobr,1
desentrañar,1
instar,1
basurero,1
basura,1
maleza,1
provocado,1
vertido,1
zopilot,1
rata,1
mosca,1
perro,1
excedente,1
insatisfecha,1
nbi,1
sostenimiento,1
sociosanitaria,1
subdividido,1
colombio,1
nicaragua,1
suiza,1
moderado,1
forme,1
agricultura,1
multidisciplinariedad,1
fuerte,1
ecopolítico,1
priorizado,1
bmc,1
health,1
service,1
rehabilitación,1
plo,1
onir,1
ergonomía,1
musculoesquelético,1
plantación,1
costero,1
marinir,1
policy,1
unah,1
previsión,1
vive,1
estatus,1
invasión,1
contado,1
vecino,1
individualista,1
piso,1
cemento,1
pedazos,1
zinc,1
deterioro,1
cartón,1
pieza,1
comedor,1
cocina,1
letrina,1
intemperie,1
poblador,1
sept,1
5to,1
compra,1
lps,1
mensual,1
optimizar,1
fundición,1
durabilidad,1
vender,1
alcantarilla,1
tapa,1
reparación,1
paralelo,1
cohesión,1
grupal,1
negociación,1
transacción,1
desnudir,1
literario,1
solventar,1
optimización,1
rentabilidad,1
motor,1
lograrar,1
radical,1
carrero,1
desplegar,1
arcgis,1
survey123,1
alumni,1
comparativo,1
geología,1
soltero,1
casado,1
soltera,1
casada,1
totalizar,1
mostrado,1
haber,1
ubico,1
semillo,1
marketing,1
cuánto,1
quién,1
competidor,1
tributación,1
marca,1
tenerla,1
emprendedorar,1
desempleo,1
encima,1
incursión,1
esperable,1
desagregado,1
planificado,1
fortaleza,1
mayorista,1
minorista,1
vestimenta,1
corte,1
cumplierar,1
procedencia,1
aprobación,1
indización,1
autoras,1
precisar,1
química,1
reputación,1
hermandad,1
technology,1
math,1
reino,1
unido,1
georgia,1
francia,1
cuba,1
tópico,1
contraparte,1
costoso,1
pago,1
cobrado,1
sede,1
anglosajón,1
mentorías,1
insuficiencia,1
sobrecarga,1
subsiguiente,1
pandemiar,1
ingenierar,1
institutar,1
electrical,1
electronics,1
n2women,1
promovido,1
comsoc,1
association,1
computing,1
machinery,1
membresía,1
fomentando,1
fraternidad,1
sobrepar,1
lucro,1
concreta,1
aspirar,1
prohíbir,1
acreditación,1
promulgo,1
promulgado,1
funcionaria,1
ingenio,1
hack4women,1
entrepreneurship,1
oficio,1
premio,1
tecnóloga,1
ado,1
wise,1
ingenia,1
movilizar,1
sies,1
mecánica,1
permanenciar,1
cft,1
sustentar,1
vertica,1
ingeniosa,1
chicaspro,1
technovation,1
boston,1
consulting,1
bcg,1
intencionalidad,1
calificado,1
transversa,1
relato,1
desenvuelven,1
síndrom,1
frenar,1
tiara,1
transparente,1
relacionamiento,1
tercerizado,1
alcanzable,1
interdisciplinaria,1
estructuración,1
movilización,1
robótico,1
universo,1
creativa,1
contextualizar,1
what,1
evar,1
programming,1
receta,1
pastel,1
sustituir,1
simplificado,1
asimilación,1
contemplado,1
bncc,1
apertura,1
padr,1
difundido,1
conexão,1
bahía,1
bahia,1
bairro,1
paz,1
alianzar,1
british,1
council,1
kit,1
placa,1
arduino,1
robot,1
robóticar,1
aviso,1
goethe,1
gamificado,1
impresora,1
gafa,1
aumentado,1
lego,1
notebook,1
proyector,1
licencia,1
mic,1
são,1
paulo,1
gamificada,1
multisectorial,1
bahián,1
macroproceso,1
acompañado,1
colaboradora,1
rueda,1
operadora,1
inspiradoro,1
becarias,1
aprobado,1
fapesb,1
esclarecedor,1
aprendimos,1
burbuja,1
sexualidad,1
descubrí,1
impactante,1
program,1
purdue,1
indián,1
senai,1
cimatec,1
connecting,1
ceo,1
celebrado,1
junio,1
west,1
lafayette,1
chicago,1
mapear,1
anunciar,1
garotas4,1
valencia,1
repercusión,1
habilitar,1
intensificar,1
pacto,1
zipaquirá,1
chocont,1
suesca,1
gachetá,1
guasca,1
ubater,1
tomo,1
áreo,1
sembrado,1
tenenciar,1
arreir,1
aparceer,1
híbrido,1
trilla,1
almacenamiento,1
aplicándolo,1
poscosecho,1
tecno,1
diversificación,1
mercadeo,1
enseñándol,1
mineral,1
fibra,1
fertilidad,1
chenopodium,1
quinoa,1
willd,1
minagricultura,1
anual,1
ton,1
fitosanitario,1
tecnofuncional,1
autóctono,1
normatividad,1
fisicoquímico,1
pocas,1
ubacar,1
chocontá,1
guasco,1
zipaquier,1
ubaquinuo,1
asoarcir,1
cajumar,1
arac,1
agro,1
almeida,1
grains,1
asorpoquinuo,1
agrofaguo,1
aspromuzipar,1
aproaquinuo,1
indígenar,1
asoprocampo,1
qualityq,1
asoprocoguo,1
certificada,1
soberanía,1
genético,1
intercambiar,1
interdisciplinar,1
maquinario,1
cortar,1
madurar,1
humedad,1
plaga,1
trillado,1
desaponificación,1
fricción,1
húmedo,1
limpieza,1
tamiz,1
impureza,1
trilladora,1
fisicoquímica,1
auroro,1
tunkahuan,1
subachoque,1
lípido,1
cereal,1
quality,1
fundado,1
aderezo,1
compota,1
aspomuzipar,1
quinuo,1
tostado,1
masato,1
helado,1
extruído,1
sabor,1
hojuela,1
típico,1
almidón,1
conserva,1
pan,1
galleta,1
torta,1
almojábana,1
consumidor,1
dieta,1
deficiencia,1
